id,path,dataset,kernel,has_qpy,has_metadata,has_funcs,qubits,depth,cnot_count,generation,max_search_fitness
.git,/home/qsvm/benchmark/GA-QSVM/.git,unknown,ga,False,False,False,,,,,
N7-Cnot-plots,/home/qsvm/benchmark/GA-QSVM/N7-Cnot-plots,unknown,ga,False,False,False,,,,,
PQK-digits-N5-Cnot-plots,/home/qsvm/benchmark/GA-QSVM/PQK-digits-N5-Cnot-plots,digits,ga-pqk,False,False,False,,,,,
PQK-digits-N5-Cnot10-D25-C16-g200-p0.1,/home/qsvm/benchmark/GA-QSVM/PQK-digits-N5-Cnot10-D25-C16-g200-p0.1,digits,ga-pqk,True,True,True,5,25,10,13,0.78
PQK-digits-N5-Cnot10-D35-C16-g200-p0.1,/home/qsvm/benchmark/GA-QSVM/PQK-digits-N5-Cnot10-D35-C16-g200-p0.1,digits,ga-pqk,True,True,True,5,35,10,200,0.78
PQK-digits-N5-Cnot14-D10-C16-g200-p0.1,/home/qsvm/benchmark/GA-QSVM/PQK-digits-N5-Cnot14-D10-C16-g200-p0.1,digits,ga-pqk,True,True,True,5,10,14,200,0.78
PQK-digits-N5-Cnot14-D15-C16-g200-p0.1,/home/qsvm/benchmark/GA-QSVM/PQK-digits-N5-Cnot14-D15-C16-g200-p0.1,digits,ga-pqk,True,True,True,5,15,14,200,0.78
PQK-digits-N5-Cnot14-D20-C16-g200-p0.1,/home/qsvm/benchmark/GA-QSVM/PQK-digits-N5-Cnot14-D20-C16-g200-p0.1,digits,ga-pqk,True,True,True,5,20,14,200,0.78
PQK-digits-N5-Cnot14-D25-C16-g200-p0.1,/home/qsvm/benchmark/GA-QSVM/PQK-digits-N5-Cnot14-D25-C16-g200-p0.1,digits,ga-pqk,True,True,True,5,25,14,200,0.78
PQK-digits-N5-Cnot14-D35-C16-g200-p0.001,/home/qsvm/benchmark/GA-QSVM/PQK-digits-N5-Cnot14-D35-C16-g200-p0.001,digits,ga-pqk,True,True,True,5,35,14,200,0.78
PQK-digits-N5-Cnot14-D35-C16-g200-p0.01,/home/qsvm/benchmark/GA-QSVM/PQK-digits-N5-Cnot14-D35-C16-g200-p0.01,digits,ga-pqk,True,True,True,5,35,14,200,0.78
PQK-digits-N5-Cnot14-D35-C16-g200-p0.1,/home/qsvm/benchmark/GA-QSVM/PQK-digits-N5-Cnot14-D35-C16-g200-p0.1,digits,ga-pqk,True,True,True,5,35,14,200,0.78
PQK-digits-N5-Cnot14-D35-C16-g200-p0.3,/home/qsvm/benchmark/GA-QSVM/PQK-digits-N5-Cnot14-D35-C16-g200-p0.3,digits,ga-pqk,True,True,True,5,35,14,200,0.78
PQK-digits-N5-Cnot14-D35-C16-g200-p0.5,/home/qsvm/benchmark/GA-QSVM/PQK-digits-N5-Cnot14-D35-C16-g200-p0.5,digits,ga-pqk,True,True,True,5,35,14,200,0.78
PQK-digits-N5-Cnot14-D35-C20-g200-p0.1,/home/qsvm/benchmark/GA-QSVM/PQK-digits-N5-Cnot14-D35-C20-g200-p0.1,digits,ga-pqk,True,True,True,5,35,14,200,0.78
PQK-digits-N5-Cnot14-D35-C4-g200-p0.1,/home/qsvm/benchmark/GA-QSVM/PQK-digits-N5-Cnot14-D35-C4-g200-p0.1,digits,ga-pqk,True,True,True,5,35,14,200,0.78
PQK-digits-N5-Cnot14-D35-C8-g200-p0.1,/home/qsvm/benchmark/GA-QSVM/PQK-digits-N5-Cnot14-D35-C8-g200-p0.1,digits,ga-pqk,True,True,True,5,35,14,200,0.78
PQK-digits-N5-Cnot14-D5-C16-g200-p0.1,/home/qsvm/benchmark/GA-QSVM/PQK-digits-N5-Cnot14-D5-C16-g200-p0.1,digits,ga-pqk,True,True,True,5,5,14,200,0.78
PQK-digits-N5-Cnot14-D7-C16-g200-p0.1,/home/qsvm/benchmark/GA-QSVM/PQK-digits-N5-Cnot14-D7-C16-g200-p0.1,digits,ga-pqk,True,True,True,5,7,14,3,0.74
PQK-digits-N5-Cnot15-D35-C16-g200-p0.1,/home/qsvm/benchmark/GA-QSVM/PQK-digits-N5-Cnot15-D35-C16-g200-p0.1,digits,ga-pqk,True,True,True,5,35,15,200,0.78
PQK-digits-N5-Cnot20-D35-C16-g200-p0.1,/home/qsvm/benchmark/GA-QSVM/PQK-digits-N5-Cnot20-D35-C16-g200-p0.1,digits,ga-pqk,True,True,True,5,35,20,200,0.78
PQK-digits-N5-Cnot25-D35-C16-g200-p0.1,/home/qsvm/benchmark/GA-QSVM/PQK-digits-N5-Cnot25-D35-C16-g200-p0.1,digits,ga-pqk,True,True,True,5,35,25,200,0.81
PQK-digits-N5-Cnot5-D35-C16-g200-p0.1,/home/qsvm/benchmark/GA-QSVM/PQK-digits-N5-Cnot5-D35-C16-g200-p0.1,digits,ga-pqk,True,True,True,5,35,5,200,0.78
PQK-digits-N7-Cnot14-D35-C16-g200-p0.1,/home/qsvm/benchmark/GA-QSVM/PQK-digits-N7-Cnot14-D35-C16-g200-p0.1,digits,ga-pqk,True,True,True,7,35,14,3,0.8
PQK-digits-N7-Cnot35-D35-C16-g200-p0.1,/home/qsvm/benchmark/GA-QSVM/PQK-digits-N7-Cnot35-D35-C16-g200-p0.1,digits,ga-pqk,True,True,True,7,35,35,134,0.85
PQK-wine-N7-Cnot35-D35-C16-g200-p0.1,/home/qsvm/benchmark/GA-QSVM/PQK-wine-N7-Cnot35-D35-C16-g200-p0.1,wine,ga-pqk,True,True,True,7,35,35,200,0.9615384615384616
__pycache__,/home/qsvm/benchmark/GA-QSVM/__pycache__,unknown,ga,False,False,False,,,,,
bash,/home/qsvm/benchmark/GA-QSVM/bash,unknown,ga,False,False,False,,,,,
data,/home/qsvm/benchmark/GA-QSVM/data,unknown,ga,False,False,False,,,,,
experiment,/home/qsvm/benchmark/GA-QSVM/experiment,unknown,ga,False,False,False,,,,,
fqk-cancer-N7-Cnot35-D35-C16-g200-p0.1,/home/qsvm/benchmark/GA-QSVM/fqk-cancer-N7-Cnot35-D35-C16-g200-p0.1,cancer,ga-fqk,True,True,True,7,35,35,200,0.93
fqk-digits-N7-Cnot35-D35-C16-g200-p0.1,/home/qsvm/benchmark/GA-QSVM/fqk-digits-N7-Cnot35-D35-C16-g200-p0.1,digits,ga-fqk,True,True,True,7,35,35,200,0.83
fqk-wine-N7-Cnot35-D35-C16-g200-p0.1,/home/qsvm/benchmark/GA-QSVM/fqk-wine-N7-Cnot35-D35-C16-g200-p0.1,wine,ga-fqk,True,True,True,7,35,35,200,0.9743589743589743
notebook,/home/qsvm/benchmark/GA-QSVM/notebook,unknown,ga,False,False,False,,,,,
pqk-cancer-N7-Cnot35-D35-C16-g200-p0.1,/home/qsvm/benchmark/GA-QSVM/pqk-cancer-N7-Cnot35-D35-C16-g200-p0.1,cancer,ga-pqk,True,True,True,7,35,35,200,0.91
pqk-digits-N7-Cnot35-D35-C16-g200-p0.1,/home/qsvm/benchmark/GA-QSVM/pqk-digits-N7-Cnot35-D35-C16-g200-p0.1,digits,ga-pqk,True,True,True,7,35,35,200,0.86
pqk-wine-N7-Cnot35-D35-C16-g200-p0.1,/home/qsvm/benchmark/GA-QSVM/pqk-wine-N7-Cnot35-D35-C16-g200-p0.1,wine,ga-pqk,True,True,True,7,35,35,200,0.9743589743589743
qoop,/home/qsvm/benchmark/GA-QSVM/qoop,unknown,ga,False,False,False,,,,,
wandb,/home/qsvm/benchmark/GA-QSVM/wandb,unknown,ga,False,False,False,,,,,
.git,/home/qsvm/test/GA-QSVM/.git,unknown,ga,False,False,False,,,,,
PQK-digits,/home/qsvm/test/GA-QSVM/PQK-digits,digits,ga-pqk,False,False,False,,,,,
PQK-digits-N10,/home/qsvm/test/GA-QSVM/PQK-digits-N10,digits,ga-pqk,False,False,False,,,,,
PQK-digits-N10-Cnot20-D50-C16-g200-p0.1,/home/qsvm/test/GA-QSVM/PQK-digits-N10-Cnot20-D50-C16-g200-p0.1,digits,ga-pqk,True,True,True,10,50,20,119,0.89
PQK-digits-N11-Cnot22-D55-C16-g200-p0.1,/home/qsvm/test/GA-QSVM/PQK-digits-N11-Cnot22-D55-C16-g200-p0.1,digits,ga-pqk,True,True,True,11,55,22,85,0.9
PQK-digits-N8-Cnot16-D40-C16-g200-p0.1,/home/qsvm/test/GA-QSVM/PQK-digits-N8-Cnot16-D40-C16-g200-p0.1,digits,ga-pqk,True,True,True,8,40,16,68,0.88
PQK-digits-N9-Cnot18-D45-C16-g200-p0.1,/home/qsvm/test/GA-QSVM/PQK-digits-N9-Cnot18-D45-C16-g200-p0.1,digits,ga-pqk,True,True,True,9,45,18,82,0.89
PQK-fashion,/home/qsvm/test/GA-QSVM/PQK-fashion,fashion,ga-pqk,False,False,False,,,,,
PQK-fashion-N10-Cnot20-D50-C16-g200-p0.1,/home/qsvm/test/GA-QSVM/PQK-fashion-N10-Cnot20-D50-C16-g200-p0.1,fashion,ga-pqk,True,True,True,10,50,20,108,0.56
PQK-fashion-N10-Cnot30-D100-C16-g200-p0.1,/home/qsvm/test/GA-QSVM/PQK-fashion-N10-Cnot30-D100-C16-g200-p0.1,fashion,ga-pqk,True,True,True,10,100,30,200,0.54
PQK-fashion-N11-Cnot22-D55-C16-g200-p0.1,/home/qsvm/test/GA-QSVM/PQK-fashion-N11-Cnot22-D55-C16-g200-p0.1,fashion,ga-pqk,True,True,True,11,55,22,66,0.54
PQK-fashion-N9-Cnot18-D45-C16-g200-p0.1,/home/qsvm/test/GA-QSVM/PQK-fashion-N9-Cnot18-D45-C16-g200-p0.1,fashion,ga-pqk,True,True,True,9,45,18,79,0.56
__pycache__,/home/qsvm/test/GA-QSVM/__pycache__,unknown,ga,False,False,False,,,,,
bash,/home/qsvm/test/GA-QSVM/bash,unknown,ga,False,False,False,,,,,
data,/home/qsvm/test/GA-QSVM/data,unknown,ga,False,False,False,,,,,
experiment,/home/qsvm/test/GA-QSVM/experiment,unknown,ga,False,False,False,,,,,
notebook,/home/qsvm/test/GA-QSVM/notebook,unknown,ga,False,False,False,,,,,
qoop,/home/qsvm/test/GA-QSVM/qoop,unknown,ga,False,False,False,,,,,
wandb,/home/qsvm/test/GA-QSVM/wandb,unknown,ga,False,False,False,,,,,
.git,/home/qsvm/GA-QSVM/.git,unknown,ga,False,False,False,,,,,
3qubits_train_qsvm_2025-06-16,/home/qsvm/GA-QSVM/3qubits_train_qsvm_2025-06-16,unknown,ga,True,True,True,3,4,,51,0.88
3qubits_train_qsvm_2025-06-30,/home/qsvm/GA-QSVM/3qubits_train_qsvm_2025-06-30,unknown,ga,True,True,True,3,4,,2,0.56
4qubits_train_qsvm_2025-06-16,/home/qsvm/GA-QSVM/4qubits_train_qsvm_2025-06-16,unknown,ga,True,True,True,4,4,,50,0.9
4qubits_train_qsvm_2025-06-30,/home/qsvm/GA-QSVM/4qubits_train_qsvm_2025-06-30,unknown,ga,True,True,True,4,4,2,9,0.75
5qubits_train_qsvm_2025-06-16,/home/qsvm/GA-QSVM/5qubits_train_qsvm_2025-06-16,unknown,ga,True,True,True,5,4,,52,0.9
6qubits_train_qsvm_2025-06-16,/home/qsvm/GA-QSVM/6qubits_train_qsvm_2025-06-16,unknown,ga,True,True,True,6,4,,58,0.94
7qubits_train_qsvm_2025-06-15,/home/qsvm/GA-QSVM/7qubits_train_qsvm_2025-06-15,unknown,ga,True,True,True,7,4,,20,0.8
7qubits_train_qsvm_2025-06-16,/home/qsvm/GA-QSVM/7qubits_train_qsvm_2025-06-16,unknown,ga,True,True,True,7,4,,50,0.92
N7-Cnot-plots,/home/qsvm/GA-QSVM/N7-Cnot-plots,unknown,ga,False,False,False,,,,,
__pycache__,/home/qsvm/GA-QSVM/__pycache__,unknown,ga,False,False,False,,,,,
bash,/home/qsvm/GA-QSVM/bash,unknown,ga,False,False,False,,,,,
benchmark,/home/qsvm/GA-QSVM/benchmark,unknown,ga,False,False,False,,,,,
cancer-N10-Cnot5-D10-C16-g200-p0.01,/home/qsvm/GA-QSVM/cancer-N10-Cnot5-D10-C16-g200-p0.01,cancer,ga,True,True,True,10,10,5,56,0.94
cancer-N10-Cnot5-D10-C16-g200-p0.01292,/home/qsvm/GA-QSVM/cancer-N10-Cnot5-D10-C16-g200-p0.01292,cancer,ga,True,True,True,10,10,5,50,0.93
cancer-N10-Cnot5-D10-C16-g200-p0.01668,/home/qsvm/GA-QSVM/cancer-N10-Cnot5-D10-C16-g200-p0.01668,cancer,ga,True,True,True,10,10,5,52,0.93
cancer-N10-Cnot5-D10-C16-g200-p0.02154,/home/qsvm/GA-QSVM/cancer-N10-Cnot5-D10-C16-g200-p0.02154,cancer,ga,True,True,True,10,10,5,53,0.94
cancer-N10-Cnot5-D10-C16-g200-p0.02783,/home/qsvm/GA-QSVM/cancer-N10-Cnot5-D10-C16-g200-p0.02783,cancer,ga,True,True,True,10,10,5,53,0.93
cancer-N10-Cnot5-D10-C16-g200-p0.03594,/home/qsvm/GA-QSVM/cancer-N10-Cnot5-D10-C16-g200-p0.03594,cancer,ga,True,True,True,10,10,5,52,0.93
cancer-N10-Cnot5-D10-C16-g200-p0.04642,/home/qsvm/GA-QSVM/cancer-N10-Cnot5-D10-C16-g200-p0.04642,cancer,ga,True,True,True,10,10,5,86,0.94
cancer-N10-Cnot5-D10-C16-g200-p0.05995,/home/qsvm/GA-QSVM/cancer-N10-Cnot5-D10-C16-g200-p0.05995,cancer,ga,True,True,True,10,10,5,62,0.94
cancer-N10-Cnot5-D10-C16-g200-p0.07743,/home/qsvm/GA-QSVM/cancer-N10-Cnot5-D10-C16-g200-p0.07743,cancer,ga,True,True,True,10,10,5,62,0.94
cancer-N10-Cnot5-D10-C16-g200-p0.1,/home/qsvm/GA-QSVM/cancer-N10-Cnot5-D10-C16-g200-p0.1,cancer,ga,True,True,True,10,10,5,53,0.93
cancer-N4-Cnot2-D4-C8-g200-p0.01,/home/qsvm/GA-QSVM/cancer-N4-Cnot2-D4-C8-g200-p0.01,cancer,ga,True,True,True,4,4,2,50,0.92
cancer-N4-Cnot2-D4-C8-g200-p0.01292,/home/qsvm/GA-QSVM/cancer-N4-Cnot2-D4-C8-g200-p0.01292,cancer,ga,True,True,True,4,4,2,50,0.92
cancer-N4-Cnot2-D4-C8-g200-p0.01668,/home/qsvm/GA-QSVM/cancer-N4-Cnot2-D4-C8-g200-p0.01668,cancer,ga,True,True,True,4,4,2,50,0.92
cancer-N4-Cnot2-D4-C8-g200-p0.02154,/home/qsvm/GA-QSVM/cancer-N4-Cnot2-D4-C8-g200-p0.02154,cancer,ga,True,True,True,4,4,2,54,0.94
cancer-N4-Cnot2-D4-C8-g200-p0.02783,/home/qsvm/GA-QSVM/cancer-N4-Cnot2-D4-C8-g200-p0.02783,cancer,ga,True,True,True,4,4,2,50,0.92
cancer-N4-Cnot2-D4-C8-g200-p0.03594,/home/qsvm/GA-QSVM/cancer-N4-Cnot2-D4-C8-g200-p0.03594,cancer,ga,True,True,True,4,4,2,50,0.92
cancer-N4-Cnot2-D4-C8-g200-p0.04642,/home/qsvm/GA-QSVM/cancer-N4-Cnot2-D4-C8-g200-p0.04642,cancer,ga,True,True,True,4,4,2,50,0.92
cancer-N4-Cnot2-D4-C8-g200-p0.05995,/home/qsvm/GA-QSVM/cancer-N4-Cnot2-D4-C8-g200-p0.05995,cancer,ga,True,True,True,4,4,2,51,0.92
cancer-N4-Cnot2-D4-C8-g200-p0.07743,/home/qsvm/GA-QSVM/cancer-N4-Cnot2-D4-C8-g200-p0.07743,cancer,ga,True,True,True,4,4,2,50,0.92
cancer-N4-Cnot2-D4-C8-g200-p0.1,/home/qsvm/GA-QSVM/cancer-N4-Cnot2-D4-C8-g200-p0.1,cancer,ga,True,True,True,4,4,2,51,0.92
cancer-N5-Cnot2-D5-C8-g200-p0.01,/home/qsvm/GA-QSVM/cancer-N5-Cnot2-D5-C8-g200-p0.01,cancer,ga,True,True,True,5,5,2,50,0.92
cancer-N5-Cnot2-D5-C8-g200-p0.01292,/home/qsvm/GA-QSVM/cancer-N5-Cnot2-D5-C8-g200-p0.01292,cancer,ga,True,True,True,5,5,2,50,0.92
cancer-N5-Cnot2-D5-C8-g200-p0.01668,/home/qsvm/GA-QSVM/cancer-N5-Cnot2-D5-C8-g200-p0.01668,cancer,ga,True,True,True,5,5,2,50,0.92
cancer-N5-Cnot2-D5-C8-g200-p0.02154,/home/qsvm/GA-QSVM/cancer-N5-Cnot2-D5-C8-g200-p0.02154,cancer,ga,True,True,True,5,5,2,56,0.93
cancer-N5-Cnot2-D5-C8-g200-p0.02783,/home/qsvm/GA-QSVM/cancer-N5-Cnot2-D5-C8-g200-p0.02783,cancer,ga,True,True,True,5,5,2,50,0.92
cancer-N5-Cnot2-D5-C8-g200-p0.03594,/home/qsvm/GA-QSVM/cancer-N5-Cnot2-D5-C8-g200-p0.03594,cancer,ga,True,True,True,5,5,2,50,0.92
cancer-N5-Cnot2-D5-C8-g200-p0.04642,/home/qsvm/GA-QSVM/cancer-N5-Cnot2-D5-C8-g200-p0.04642,cancer,ga,True,True,True,5,5,2,54,0.93
cancer-N5-Cnot2-D5-C8-g200-p0.05995,/home/qsvm/GA-QSVM/cancer-N5-Cnot2-D5-C8-g200-p0.05995,cancer,ga,True,True,True,5,5,2,54,0.92
cancer-N5-Cnot2-D5-C8-g200-p0.07743,/home/qsvm/GA-QSVM/cancer-N5-Cnot2-D5-C8-g200-p0.07743,cancer,ga,True,True,True,5,5,2,50,0.92
cancer-N5-Cnot2-D5-C8-g200-p0.1,/home/qsvm/GA-QSVM/cancer-N5-Cnot2-D5-C8-g200-p0.1,cancer,ga,True,True,True,5,5,2,50,0.92
cancer-N6-Cnot3-D6-C8-g200-p0.01,/home/qsvm/GA-QSVM/cancer-N6-Cnot3-D6-C8-g200-p0.01,cancer,ga,True,True,True,6,6,3,63,0.93
cancer-N6-Cnot3-D6-C8-g200-p0.01292,/home/qsvm/GA-QSVM/cancer-N6-Cnot3-D6-C8-g200-p0.01292,cancer,ga,True,True,True,6,6,3,97,0.94
cancer-N6-Cnot3-D6-C8-g200-p0.01668,/home/qsvm/GA-QSVM/cancer-N6-Cnot3-D6-C8-g200-p0.01668,cancer,ga,True,True,True,6,6,3,70,0.94
cancer-N6-Cnot3-D6-C8-g200-p0.02154,/home/qsvm/GA-QSVM/cancer-N6-Cnot3-D6-C8-g200-p0.02154,cancer,ga,True,True,True,6,6,3,55,0.93
cancer-N6-Cnot3-D6-C8-g200-p0.02783,/home/qsvm/GA-QSVM/cancer-N6-Cnot3-D6-C8-g200-p0.02783,cancer,ga,True,True,True,6,6,3,50,0.93
cancer-N6-Cnot3-D6-C8-g200-p0.03594,/home/qsvm/GA-QSVM/cancer-N6-Cnot3-D6-C8-g200-p0.03594,cancer,ga,True,True,True,6,6,3,70,0.94
cancer-N6-Cnot3-D6-C8-g200-p0.04642,/home/qsvm/GA-QSVM/cancer-N6-Cnot3-D6-C8-g200-p0.04642,cancer,ga,True,True,True,6,6,3,54,0.93
cancer-N6-Cnot3-D6-C8-g200-p0.05995,/home/qsvm/GA-QSVM/cancer-N6-Cnot3-D6-C8-g200-p0.05995,cancer,ga,True,True,True,6,6,3,62,0.93
cancer-N6-Cnot3-D6-C8-g200-p0.07743,/home/qsvm/GA-QSVM/cancer-N6-Cnot3-D6-C8-g200-p0.07743,cancer,ga,True,True,True,6,6,3,52,0.93
cancer-N6-Cnot3-D6-C8-g200-p0.1,/home/qsvm/GA-QSVM/cancer-N6-Cnot3-D6-C8-g200-p0.1,cancer,ga,True,True,True,6,6,3,53,0.93
cancer-N7,/home/qsvm/GA-QSVM/cancer-N7,cancer,ga,False,False,False,,,,,
cancer-N7-Cnot4-D7-C8-g200-p0.01,/home/qsvm/GA-QSVM/cancer-N7-Cnot4-D7-C8-g200-p0.01,cancer,ga,True,True,True,7,7,4,55,0.93
cancer-N7-Cnot4-D7-C8-g200-p0.01292,/home/qsvm/GA-QSVM/cancer-N7-Cnot4-D7-C8-g200-p0.01292,cancer,ga,True,True,True,7,7,4,83,0.93
cancer-N7-Cnot4-D7-C8-g200-p0.01668,/home/qsvm/GA-QSVM/cancer-N7-Cnot4-D7-C8-g200-p0.01668,cancer,ga,True,True,True,7,7,4,64,0.93
cancer-N7-Cnot4-D7-C8-g200-p0.02154,/home/qsvm/GA-QSVM/cancer-N7-Cnot4-D7-C8-g200-p0.02154,cancer,ga,True,True,True,7,7,4,53,0.93
cancer-N7-Cnot4-D7-C8-g200-p0.02783,/home/qsvm/GA-QSVM/cancer-N7-Cnot4-D7-C8-g200-p0.02783,cancer,ga,True,True,True,7,7,4,52,0.93
cancer-N7-Cnot4-D7-C8-g200-p0.03594,/home/qsvm/GA-QSVM/cancer-N7-Cnot4-D7-C8-g200-p0.03594,cancer,ga,True,True,True,7,7,4,53,0.93
cancer-N7-Cnot4-D7-C8-g200-p0.04642,/home/qsvm/GA-QSVM/cancer-N7-Cnot4-D7-C8-g200-p0.04642,cancer,ga,True,True,True,7,7,4,58,0.93
cancer-N7-Cnot4-D7-C8-g200-p0.05995,/home/qsvm/GA-QSVM/cancer-N7-Cnot4-D7-C8-g200-p0.05995,cancer,ga,True,True,True,7,7,4,55,0.93
cancer-N7-Cnot4-D7-C8-g200-p0.07743,/home/qsvm/GA-QSVM/cancer-N7-Cnot4-D7-C8-g200-p0.07743,cancer,ga,True,True,True,7,7,4,53,0.93
cancer-N7-Cnot4-D7-C8-g200-p0.1,/home/qsvm/GA-QSVM/cancer-N7-Cnot4-D7-C8-g200-p0.1,cancer,ga,True,True,True,7,7,4,63,0.93
data,/home/qsvm/GA-QSVM/data,unknown,ga,False,False,False,,,,,
digits-N10-Cnot5-D10-C16-g200-p0.0,/home/qsvm/GA-QSVM/digits-N10-Cnot5-D10-C16-g200-p0.0,digits,ga,True,True,True,10,10,5,4,0.83
digits-N10-Cnot5-D10-C16-g200-p0.01,/home/qsvm/GA-QSVM/digits-N10-Cnot5-D10-C16-g200-p0.01,digits,ga,True,True,True,10,10,5,2,0.81
digits-N10-Cnot5-D10-C16-g200-p0.01292,/home/qsvm/GA-QSVM/digits-N10-Cnot5-D10-C16-g200-p0.01292,digits,ga,True,True,True,10,10,5,83,0.85
digits-N12-Cnot6-D12-C16-g200-p0.01,/home/qsvm/GA-QSVM/digits-N12-Cnot6-D12-C16-g200-p0.01,digits,ga,True,True,True,12,12,6,80,0.88
digits-N12-Cnot6-D12-C16-g200-p0.01292,/home/qsvm/GA-QSVM/digits-N12-Cnot6-D12-C16-g200-p0.01292,digits,ga,True,True,True,12,12,6,62,0.88
digits-N12-Cnot6-D12-C16-g200-p0.01668,/home/qsvm/GA-QSVM/digits-N12-Cnot6-D12-C16-g200-p0.01668,digits,ga,True,True,True,12,12,6,80,0.88
digits-N12-Cnot6-D12-C16-g200-p0.02154,/home/qsvm/GA-QSVM/digits-N12-Cnot6-D12-C16-g200-p0.02154,digits,ga,True,True,True,12,12,6,129,0.89
digits-N12-Cnot6-D12-C16-g200-p0.02783,/home/qsvm/GA-QSVM/digits-N12-Cnot6-D12-C16-g200-p0.02783,digits,ga,True,True,True,12,12,6,29,0.87
digits-N4-Cnot2-D4-C8-g200-p0.01,/home/qsvm/GA-QSVM/digits-N4-Cnot2-D4-C8-g200-p0.01,digits,ga,True,True,True,4,4,2,55,0.75
digits-N4-Cnot2-D4-C8-g200-p0.01292,/home/qsvm/GA-QSVM/digits-N4-Cnot2-D4-C8-g200-p0.01292,digits,ga,True,True,True,4,4,2,54,0.75
digits-N4-Cnot2-D4-C8-g200-p0.01668,/home/qsvm/GA-QSVM/digits-N4-Cnot2-D4-C8-g200-p0.01668,digits,ga,True,True,True,4,4,2,56,0.74
digits-N4-Cnot2-D4-C8-g200-p0.02154,/home/qsvm/GA-QSVM/digits-N4-Cnot2-D4-C8-g200-p0.02154,digits,ga,True,True,True,4,4,2,50,0.75
digits-N4-Cnot2-D4-C8-g200-p0.02783,/home/qsvm/GA-QSVM/digits-N4-Cnot2-D4-C8-g200-p0.02783,digits,ga,True,True,True,4,4,2,58,0.75
digits-N4-Cnot2-D4-C8-g200-p0.03594,/home/qsvm/GA-QSVM/digits-N4-Cnot2-D4-C8-g200-p0.03594,digits,ga,True,True,True,4,4,2,55,0.75
digits-N4-Cnot2-D4-C8-g200-p0.04642,/home/qsvm/GA-QSVM/digits-N4-Cnot2-D4-C8-g200-p0.04642,digits,ga,True,True,True,4,4,2,50,0.74
digits-N4-Cnot2-D4-C8-g200-p0.05995,/home/qsvm/GA-QSVM/digits-N4-Cnot2-D4-C8-g200-p0.05995,digits,ga,True,True,True,4,4,2,51,0.75
digits-N4-Cnot2-D4-C8-g200-p0.07743,/home/qsvm/GA-QSVM/digits-N4-Cnot2-D4-C8-g200-p0.07743,digits,ga,True,True,True,4,4,2,87,0.74
digits-N4-Cnot2-D4-C8-g200-p0.1,/home/qsvm/GA-QSVM/digits-N4-Cnot2-D4-C8-g200-p0.1,digits,ga,True,True,True,4,4,2,81,0.74
digits-N4-Cnot2-D5-C8-g200-p0.01,/home/qsvm/GA-QSVM/digits-N4-Cnot2-D5-C8-g200-p0.01,digits,ga,True,True,True,4,4,2,58,0.75
digits-N4-Cnot2-D5-C8-g200-p0.01292,/home/qsvm/GA-QSVM/digits-N4-Cnot2-D5-C8-g200-p0.01292,digits,ga,True,True,True,4,4,2,52,0.75
digits-N4-Cnot2-D5-C8-g200-p0.01668,/home/qsvm/GA-QSVM/digits-N4-Cnot2-D5-C8-g200-p0.01668,digits,ga,True,True,True,4,4,2,63,0.75
digits-N4-Cnot2-D5-C8-g200-p0.02154,/home/qsvm/GA-QSVM/digits-N4-Cnot2-D5-C8-g200-p0.02154,digits,ga,True,True,True,4,4,2,60,0.75
digits-N4-Cnot2-D5-C8-g200-p0.02783,/home/qsvm/GA-QSVM/digits-N4-Cnot2-D5-C8-g200-p0.02783,digits,ga,True,True,True,4,4,2,54,0.75
digits-N4-Cnot2-D5-C8-g200-p0.03594,/home/qsvm/GA-QSVM/digits-N4-Cnot2-D5-C8-g200-p0.03594,digits,ga,True,True,True,4,4,2,56,0.74
digits-N4-Cnot2-D5-C8-g200-p0.04642,/home/qsvm/GA-QSVM/digits-N4-Cnot2-D5-C8-g200-p0.04642,digits,ga,True,True,True,4,4,2,53,0.74
digits-N4-Cnot2-D5-C8-g200-p0.05995,/home/qsvm/GA-QSVM/digits-N4-Cnot2-D5-C8-g200-p0.05995,digits,ga,True,True,True,4,4,2,43,0.74
digits-N5-Cnot2-D5-C8-g200-p0.01,/home/qsvm/GA-QSVM/digits-N5-Cnot2-D5-C8-g200-p0.01,digits,ga,True,True,True,5,5,2,50,0.73
digits-N5-Cnot2-D5-C8-g200-p0.01292,/home/qsvm/GA-QSVM/digits-N5-Cnot2-D5-C8-g200-p0.01292,digits,ga,True,True,True,5,5,2,60,0.75
digits-N5-Cnot2-D5-C8-g200-p0.01668,/home/qsvm/GA-QSVM/digits-N5-Cnot2-D5-C8-g200-p0.01668,digits,ga,True,True,True,5,5,2,52,0.74
digits-N5-Cnot2-D5-C8-g200-p0.02154,/home/qsvm/GA-QSVM/digits-N5-Cnot2-D5-C8-g200-p0.02154,digits,ga,True,True,True,5,5,2,52,0.74
digits-N5-Cnot2-D5-C8-g200-p0.02783,/home/qsvm/GA-QSVM/digits-N5-Cnot2-D5-C8-g200-p0.02783,digits,ga,True,True,True,5,5,2,54,0.74
digits-N5-Cnot2-D5-C8-g200-p0.03594,/home/qsvm/GA-QSVM/digits-N5-Cnot2-D5-C8-g200-p0.03594,digits,ga,True,True,True,5,5,2,50,0.75
digits-N5-Cnot2-D5-C8-g200-p0.04642,/home/qsvm/GA-QSVM/digits-N5-Cnot2-D5-C8-g200-p0.04642,digits,ga,True,True,True,5,5,2,52,0.75
digits-N5-Cnot2-D5-C8-g200-p0.05995,/home/qsvm/GA-QSVM/digits-N5-Cnot2-D5-C8-g200-p0.05995,digits,ga,True,True,True,5,5,2,54,0.74
digits-N5-Cnot2-D5-C8-g200-p0.07743,/home/qsvm/GA-QSVM/digits-N5-Cnot2-D5-C8-g200-p0.07743,digits,ga,True,True,True,5,5,2,54,0.75
digits-N5-Cnot2-D5-C8-g200-p0.1,/home/qsvm/GA-QSVM/digits-N5-Cnot2-D5-C8-g200-p0.1,digits,ga,True,True,True,5,5,2,58,0.77
digits-N6-Cnot3-D6-C8-g200-p0.01,/home/qsvm/GA-QSVM/digits-N6-Cnot3-D6-C8-g200-p0.01,digits,ga,True,True,True,6,6,3,57,0.81
digits-N6-Cnot3-D6-C8-g200-p0.01292,/home/qsvm/GA-QSVM/digits-N6-Cnot3-D6-C8-g200-p0.01292,digits,ga,True,True,True,6,6,3,56,0.8
digits-N6-Cnot3-D6-C8-g200-p0.01668,/home/qsvm/GA-QSVM/digits-N6-Cnot3-D6-C8-g200-p0.01668,digits,ga,True,True,True,6,6,3,52,0.78
digits-N6-Cnot3-D6-C8-g200-p0.02154,/home/qsvm/GA-QSVM/digits-N6-Cnot3-D6-C8-g200-p0.02154,digits,ga,True,True,True,6,6,3,55,0.79
digits-N6-Cnot3-D6-C8-g200-p0.02783,/home/qsvm/GA-QSVM/digits-N6-Cnot3-D6-C8-g200-p0.02783,digits,ga,True,True,True,6,6,3,55,0.8
digits-N6-Cnot3-D6-C8-g200-p0.03594,/home/qsvm/GA-QSVM/digits-N6-Cnot3-D6-C8-g200-p0.03594,digits,ga,True,True,True,6,6,3,58,0.78
digits-N6-Cnot3-D6-C8-g200-p0.04642,/home/qsvm/GA-QSVM/digits-N6-Cnot3-D6-C8-g200-p0.04642,digits,ga,True,True,True,6,6,3,62,0.79
digits-N6-Cnot3-D6-C8-g200-p0.05995,/home/qsvm/GA-QSVM/digits-N6-Cnot3-D6-C8-g200-p0.05995,digits,ga,True,True,True,6,6,3,72,0.8
digits-N6-Cnot3-D6-C8-g200-p0.07743,/home/qsvm/GA-QSVM/digits-N6-Cnot3-D6-C8-g200-p0.07743,digits,ga,True,True,True,6,6,3,74,0.8
digits-N6-Cnot3-D6-C8-g200-p0.1,/home/qsvm/GA-QSVM/digits-N6-Cnot3-D6-C8-g200-p0.1,digits,ga,True,True,True,6,6,3,200,0.8
digits-N6-Cnot3-D6-C8-g200-p0.12589,/home/qsvm/GA-QSVM/digits-N6-Cnot3-D6-C8-g200-p0.12589,digits,ga,True,True,True,6,6,3,200,0.79
digits-N6-Cnot3-D6-C8-g200-p0.15849,/home/qsvm/GA-QSVM/digits-N6-Cnot3-D6-C8-g200-p0.15849,digits,ga,True,True,True,6,6,3,200,0.8
digits-N6-Cnot3-D6-C8-g200-p0.19953,/home/qsvm/GA-QSVM/digits-N6-Cnot3-D6-C8-g200-p0.19953,digits,ga,True,True,True,6,6,3,200,0.8
digits-N6-Cnot3-D6-C8-g200-p0.25119,/home/qsvm/GA-QSVM/digits-N6-Cnot3-D6-C8-g200-p0.25119,digits,ga,True,True,True,6,6,3,200,0.8
digits-N6-Cnot3-D6-C8-g200-p0.31623,/home/qsvm/GA-QSVM/digits-N6-Cnot3-D6-C8-g200-p0.31623,digits,ga,True,True,True,6,6,3,200,0.79
digits-N6-Cnot3-D6-C8-g200-p0.39811,/home/qsvm/GA-QSVM/digits-N6-Cnot3-D6-C8-g200-p0.39811,digits,ga,True,True,True,6,6,3,200,0.79
digits-N6-Cnot3-D6-C8-g200-p0.50119,/home/qsvm/GA-QSVM/digits-N6-Cnot3-D6-C8-g200-p0.50119,digits,ga,True,True,True,6,6,3,200,0.8
digits-N6-Cnot3-D6-C8-g200-p0.63096,/home/qsvm/GA-QSVM/digits-N6-Cnot3-D6-C8-g200-p0.63096,digits,ga,True,True,True,6,6,3,200,0.79
digits-N6-Cnot3-D6-C8-g200-p0.79433,/home/qsvm/GA-QSVM/digits-N6-Cnot3-D6-C8-g200-p0.79433,digits,ga,True,True,True,6,6,3,200,0.8
digits-N7,/home/qsvm/GA-QSVM/digits-N7,digits,ga,False,False,False,,,,,
digits-N7-Cnot4-D7-C8-g200-p0.01,/home/qsvm/GA-QSVM/digits-N7-Cnot4-D7-C8-g200-p0.01,digits,ga,True,True,True,7,7,4,50,0.8
digits-N7-Cnot4-D7-C8-g200-p0.01292,/home/qsvm/GA-QSVM/digits-N7-Cnot4-D7-C8-g200-p0.01292,digits,ga,True,True,True,7,7,4,91,0.82
digits-N7-Cnot4-D7-C8-g200-p0.01668,/home/qsvm/GA-QSVM/digits-N7-Cnot4-D7-C8-g200-p0.01668,digits,ga,True,True,True,7,7,4,100,0.8
digits-N7-Cnot4-D7-C8-g200-p0.02154,/home/qsvm/GA-QSVM/digits-N7-Cnot4-D7-C8-g200-p0.02154,digits,ga,True,True,True,7,7,4,53,0.8
digits-N7-Cnot4-D7-C8-g200-p0.02783,/home/qsvm/GA-QSVM/digits-N7-Cnot4-D7-C8-g200-p0.02783,digits,ga,True,True,True,7,7,4,85,0.81
digits-N7-Cnot4-D7-C8-g200-p0.03594,/home/qsvm/GA-QSVM/digits-N7-Cnot4-D7-C8-g200-p0.03594,digits,ga,True,True,True,7,7,4,55,0.79
digits-N7-Cnot4-D7-C8-g200-p0.04642,/home/qsvm/GA-QSVM/digits-N7-Cnot4-D7-C8-g200-p0.04642,digits,ga,True,True,True,7,7,4,53,0.81
digits-N7-Cnot4-D7-C8-g200-p0.05995,/home/qsvm/GA-QSVM/digits-N7-Cnot4-D7-C8-g200-p0.05995,digits,ga,True,True,True,7,7,4,50,0.79
digits-N7-Cnot4-D7-C8-g200-p0.07743,/home/qsvm/GA-QSVM/digits-N7-Cnot4-D7-C8-g200-p0.07743,digits,ga,True,True,True,7,7,4,65,0.81
digits-N7-Cnot4-D7-C8-g200-p0.1,/home/qsvm/GA-QSVM/digits-N7-Cnot4-D7-C8-g200-p0.1,digits,ga,True,True,True,7,7,4,200,0.81
digits-N7-Cnot4-D7-C8-g200-p0.12589,/home/qsvm/GA-QSVM/digits-N7-Cnot4-D7-C8-g200-p0.12589,digits,ga,True,True,True,7,7,4,200,0.81
digits-N7-Cnot4-D7-C8-g200-p0.15849,/home/qsvm/GA-QSVM/digits-N7-Cnot4-D7-C8-g200-p0.15849,digits,ga,True,True,True,7,7,4,200,0.8
digits-N7-Cnot4-D7-C8-g200-p0.19953,/home/qsvm/GA-QSVM/digits-N7-Cnot4-D7-C8-g200-p0.19953,digits,ga,True,True,True,7,7,4,200,0.81
digits-N7-Cnot4-D7-C8-g200-p0.25119,/home/qsvm/GA-QSVM/digits-N7-Cnot4-D7-C8-g200-p0.25119,digits,ga,True,True,True,7,7,4,200,0.81
digits-N7-Cnot4-D7-C8-g200-p0.31623,/home/qsvm/GA-QSVM/digits-N7-Cnot4-D7-C8-g200-p0.31623,digits,ga,True,True,True,7,7,4,200,0.79
digits-N7-Cnot4-D7-C8-g200-p0.39811,/home/qsvm/GA-QSVM/digits-N7-Cnot4-D7-C8-g200-p0.39811,digits,ga,True,True,True,7,7,4,200,0.8
digits-N7-Cnot4-D7-C8-g200-p0.50119,/home/qsvm/GA-QSVM/digits-N7-Cnot4-D7-C8-g200-p0.50119,digits,ga,True,True,True,7,7,4,200,0.81
digits-N7-Cnot4-D7-C8-g200-p0.63096,/home/qsvm/GA-QSVM/digits-N7-Cnot4-D7-C8-g200-p0.63096,digits,ga,True,True,True,7,7,4,200,0.81
digits-N7-Cnot4-D7-C8-g200-p0.79433,/home/qsvm/GA-QSVM/digits-N7-Cnot4-D7-C8-g200-p0.79433,digits,ga,True,True,True,7,7,4,200,0.82
experiment,/home/qsvm/GA-QSVM/experiment,unknown,ga,False,False,False,,,,,
fashion-N10-Cnot5-D10-C16-g200-p0.01,/home/qsvm/GA-QSVM/fashion-N10-Cnot5-D10-C16-g200-p0.01,fashion,ga,True,True,True,10,10,5,99,0.68
fashion-N10-Cnot5-D10-C16-g200-p0.01292,/home/qsvm/GA-QSVM/fashion-N10-Cnot5-D10-C16-g200-p0.01292,fashion,ga,True,True,True,10,10,5,66,0.62
fashion-N10-Cnot5-D10-C16-g200-p0.01668,/home/qsvm/GA-QSVM/fashion-N10-Cnot5-D10-C16-g200-p0.01668,fashion,ga,True,True,True,10,10,5,67,0.63
fashion-N10-Cnot5-D10-C16-g200-p0.02154,/home/qsvm/GA-QSVM/fashion-N10-Cnot5-D10-C16-g200-p0.02154,fashion,ga,True,True,True,10,10,5,65,0.63
fashion-N10-Cnot5-D10-C16-g200-p0.02783,/home/qsvm/GA-QSVM/fashion-N10-Cnot5-D10-C16-g200-p0.02783,fashion,ga,True,True,True,10,10,5,92,0.61
fashion-N10-Cnot5-D10-C16-g200-p0.03594,/home/qsvm/GA-QSVM/fashion-N10-Cnot5-D10-C16-g200-p0.03594,fashion,ga,True,True,True,10,10,5,88,0.61
fashion-N10-Cnot5-D10-C16-g200-p0.04642,/home/qsvm/GA-QSVM/fashion-N10-Cnot5-D10-C16-g200-p0.04642,fashion,ga,True,True,True,10,10,5,54,0.6
fashion-N10-Cnot5-D10-C16-g200-p0.05995,/home/qsvm/GA-QSVM/fashion-N10-Cnot5-D10-C16-g200-p0.05995,fashion,ga,True,True,True,10,10,5,69,0.62
fashion-N10-Cnot5-D10-C16-g200-p0.07743,/home/qsvm/GA-QSVM/fashion-N10-Cnot5-D10-C16-g200-p0.07743,fashion,ga,True,True,True,10,10,5,91,0.64
fashion-N10-Cnot5-D10-C16-g200-p0.1,/home/qsvm/GA-QSVM/fashion-N10-Cnot5-D10-C16-g200-p0.1,fashion,ga,True,True,True,10,10,5,84,0.62
install-tl-20250807,/home/qsvm/GA-QSVM/install-tl-20250807,unknown,ga,False,False,False,,,,,
notebook,/home/qsvm/GA-QSVM/notebook,unknown,ga,False,False,False,,,,,
qoop,/home/qsvm/GA-QSVM/qoop,unknown,ga,False,False,False,,,,,
wandb,/home/qsvm/GA-QSVM/wandb,unknown,ga,False,False,False,,,,,
wine-N10-Cnot5-D10-C16-g200-p0.01,/home/qsvm/GA-QSVM/wine-N10-Cnot5-D10-C16-g200-p0.01,wine,ga,True,True,True,10,10,5,78,0.9871794871794872
wine-N10-Cnot5-D10-C16-g200-p0.01292,/home/qsvm/GA-QSVM/wine-N10-Cnot5-D10-C16-g200-p0.01292,wine,ga,True,True,True,10,10,5,18,0.9743589743589743
wine-N10-Cnot5-D10-C16-g200-p0.01668,/home/qsvm/GA-QSVM/wine-N10-Cnot5-D10-C16-g200-p0.01668,wine,ga,True,True,True,10,10,5,33,0.9743589743589743
wine-N4-Cnot2-D4-C8-g200-p0.01,/home/qsvm/GA-QSVM/wine-N4-Cnot2-D4-C8-g200-p0.01,wine,ga,True,True,True,4,4,2,50,0.9487179487179487
wine-N4-Cnot2-D4-C8-g200-p0.01292,/home/qsvm/GA-QSVM/wine-N4-Cnot2-D4-C8-g200-p0.01292,wine,ga,True,True,True,4,4,2,50,0.9487179487179487
wine-N4-Cnot2-D4-C8-g200-p0.01668,/home/qsvm/GA-QSVM/wine-N4-Cnot2-D4-C8-g200-p0.01668,wine,ga,True,True,True,4,4,2,51,0.9487179487179487
wine-N4-Cnot2-D4-C8-g200-p0.02154,/home/qsvm/GA-QSVM/wine-N4-Cnot2-D4-C8-g200-p0.02154,wine,ga,True,True,True,4,4,2,51,0.9487179487179487
wine-N4-Cnot2-D4-C8-g200-p0.02783,/home/qsvm/GA-QSVM/wine-N4-Cnot2-D4-C8-g200-p0.02783,wine,ga,True,True,True,4,4,2,50,0.9487179487179487
wine-N4-Cnot2-D4-C8-g200-p0.03594,/home/qsvm/GA-QSVM/wine-N4-Cnot2-D4-C8-g200-p0.03594,wine,ga,True,True,True,4,4,2,52,0.9487179487179487
wine-N4-Cnot2-D4-C8-g200-p0.04642,/home/qsvm/GA-QSVM/wine-N4-Cnot2-D4-C8-g200-p0.04642,wine,ga,True,True,True,4,4,2,50,0.9487179487179487
wine-N4-Cnot2-D4-C8-g200-p0.05995,/home/qsvm/GA-QSVM/wine-N4-Cnot2-D4-C8-g200-p0.05995,wine,ga,True,True,True,4,4,2,50,0.9487179487179487
wine-N4-Cnot2-D4-C8-g200-p0.07743,/home/qsvm/GA-QSVM/wine-N4-Cnot2-D4-C8-g200-p0.07743,wine,ga,True,True,True,4,4,2,50,0.9615384615384616
wine-N4-Cnot2-D4-C8-g200-p0.1,/home/qsvm/GA-QSVM/wine-N4-Cnot2-D4-C8-g200-p0.1,wine,ga,True,True,True,4,4,2,54,0.9487179487179487
wine-N4-Cnot2-D5-C8-g200-p0.01,/home/qsvm/GA-QSVM/wine-N4-Cnot2-D5-C8-g200-p0.01,wine,ga,True,True,True,4,4,2,50,0.9487179487179487
wine-N4-Cnot2-D5-C8-g200-p0.01292,/home/qsvm/GA-QSVM/wine-N4-Cnot2-D5-C8-g200-p0.01292,wine,ga,True,True,True,4,4,2,55,0.9487179487179487
wine-N4-Cnot2-D5-C8-g200-p0.01668,/home/qsvm/GA-QSVM/wine-N4-Cnot2-D5-C8-g200-p0.01668,wine,ga,True,True,True,4,4,2,50,0.9487179487179487
wine-N4-Cnot2-D5-C8-g200-p0.02154,/home/qsvm/GA-QSVM/wine-N4-Cnot2-D5-C8-g200-p0.02154,wine,ga,True,True,True,4,4,2,50,0.9487179487179487
wine-N4-Cnot2-D5-C8-g200-p0.02783,/home/qsvm/GA-QSVM/wine-N4-Cnot2-D5-C8-g200-p0.02783,wine,ga,True,True,True,4,4,2,51,0.9487179487179487
wine-N4-Cnot2-D5-C8-g200-p0.03594,/home/qsvm/GA-QSVM/wine-N4-Cnot2-D5-C8-g200-p0.03594,wine,ga,True,True,True,4,4,2,50,0.9487179487179487
wine-N4-Cnot2-D5-C8-g200-p0.04642,/home/qsvm/GA-QSVM/wine-N4-Cnot2-D5-C8-g200-p0.04642,wine,ga,True,True,True,4,4,2,50,0.9487179487179487
wine-N4-Cnot2-D5-C8-g200-p0.05995,/home/qsvm/GA-QSVM/wine-N4-Cnot2-D5-C8-g200-p0.05995,wine,ga,True,True,True,4,4,2,50,0.9487179487179487
wine-N4-Cnot2-D5-C8-g200-p0.07743,/home/qsvm/GA-QSVM/wine-N4-Cnot2-D5-C8-g200-p0.07743,wine,ga,True,True,True,4,4,2,52,0.9487179487179487
wine-N4-Cnot2-D5-C8-g200-p0.1,/home/qsvm/GA-QSVM/wine-N4-Cnot2-D5-C8-g200-p0.1,wine,ga,True,True,True,4,4,2,51,0.9487179487179487
wine-N4-Cnot2-D6-C8-g200-p0.01,/home/qsvm/GA-QSVM/wine-N4-Cnot2-D6-C8-g200-p0.01,wine,ga,True,True,True,4,4,2,52,0.9487179487179487
wine-N4-Cnot2-D6-C8-g200-p0.01292,/home/qsvm/GA-QSVM/wine-N4-Cnot2-D6-C8-g200-p0.01292,wine,ga,True,True,True,4,4,2,51,0.9487179487179487
wine-N4-Cnot2-D6-C8-g200-p0.01668,/home/qsvm/GA-QSVM/wine-N4-Cnot2-D6-C8-g200-p0.01668,wine,ga,True,True,True,4,4,2,52,0.9487179487179487
wine-N4-Cnot2-D6-C8-g200-p0.02154,/home/qsvm/GA-QSVM/wine-N4-Cnot2-D6-C8-g200-p0.02154,wine,ga,True,True,True,4,4,2,11,0.9487179487179487
wine-N5-Cnot2-D5-C8-g200-p0.01,/home/qsvm/GA-QSVM/wine-N5-Cnot2-D5-C8-g200-p0.01,wine,ga,True,True,True,5,5,2,54,0.9743589743589743
wine-N5-Cnot2-D5-C8-g200-p0.01292,/home/qsvm/GA-QSVM/wine-N5-Cnot2-D5-C8-g200-p0.01292,wine,ga,True,True,True,5,5,2,70,0.9743589743589743
wine-N5-Cnot2-D5-C8-g200-p0.01668,/home/qsvm/GA-QSVM/wine-N5-Cnot2-D5-C8-g200-p0.01668,wine,ga,True,True,True,5,5,2,50,0.9615384615384616
wine-N5-Cnot2-D5-C8-g200-p0.02154,/home/qsvm/GA-QSVM/wine-N5-Cnot2-D5-C8-g200-p0.02154,wine,ga,True,True,True,5,5,2,50,0.9615384615384616
wine-N5-Cnot2-D5-C8-g200-p0.02783,/home/qsvm/GA-QSVM/wine-N5-Cnot2-D5-C8-g200-p0.02783,wine,ga,True,True,True,5,5,2,52,0.9615384615384616
wine-N5-Cnot2-D5-C8-g200-p0.03594,/home/qsvm/GA-QSVM/wine-N5-Cnot2-D5-C8-g200-p0.03594,wine,ga,True,True,True,5,5,2,58,0.9743589743589743
wine-N5-Cnot2-D5-C8-g200-p0.04642,/home/qsvm/GA-QSVM/wine-N5-Cnot2-D5-C8-g200-p0.04642,wine,ga,True,True,True,5,5,2,51,0.9615384615384616
wine-N5-Cnot2-D5-C8-g200-p0.05995,/home/qsvm/GA-QSVM/wine-N5-Cnot2-D5-C8-g200-p0.05995,wine,ga,True,True,True,5,5,2,51,0.9743589743589743
wine-N5-Cnot2-D5-C8-g200-p0.07743,/home/qsvm/GA-QSVM/wine-N5-Cnot2-D5-C8-g200-p0.07743,wine,ga,True,True,True,5,5,2,52,0.9615384615384616
wine-N5-Cnot2-D5-C8-g200-p0.1,/home/qsvm/GA-QSVM/wine-N5-Cnot2-D5-C8-g200-p0.1,wine,ga,True,True,True,5,5,2,70,0.9615384615384616
wine-N6-Cnot3-D6-C8-g200-p0.01,/home/qsvm/GA-QSVM/wine-N6-Cnot3-D6-C8-g200-p0.01,wine,ga,True,True,True,6,6,3,53,0.9743589743589743
wine-N6-Cnot3-D6-C8-g200-p0.01292,/home/qsvm/GA-QSVM/wine-N6-Cnot3-D6-C8-g200-p0.01292,wine,ga,True,True,True,6,6,3,50,0.9743589743589743
wine-N6-Cnot3-D6-C8-g200-p0.01668,/home/qsvm/GA-QSVM/wine-N6-Cnot3-D6-C8-g200-p0.01668,wine,ga,True,True,True,6,6,3,94,0.9743589743589743
wine-N6-Cnot3-D6-C8-g200-p0.02154,/home/qsvm/GA-QSVM/wine-N6-Cnot3-D6-C8-g200-p0.02154,wine,ga,True,True,True,6,6,3,86,0.9743589743589743
wine-N6-Cnot3-D6-C8-g200-p0.02783,/home/qsvm/GA-QSVM/wine-N6-Cnot3-D6-C8-g200-p0.02783,wine,ga,True,True,True,6,6,3,51,0.9615384615384616
wine-N6-Cnot3-D6-C8-g200-p0.03594,/home/qsvm/GA-QSVM/wine-N6-Cnot3-D6-C8-g200-p0.03594,wine,ga,True,True,True,6,6,3,53,0.9743589743589743
wine-N6-Cnot3-D6-C8-g200-p0.04642,/home/qsvm/GA-QSVM/wine-N6-Cnot3-D6-C8-g200-p0.04642,wine,ga,True,True,True,6,6,3,58,0.9743589743589743
wine-N6-Cnot3-D6-C8-g200-p0.05995,/home/qsvm/GA-QSVM/wine-N6-Cnot3-D6-C8-g200-p0.05995,wine,ga,True,True,True,6,6,3,53,0.9743589743589743
wine-N6-Cnot3-D6-C8-g200-p0.07743,/home/qsvm/GA-QSVM/wine-N6-Cnot3-D6-C8-g200-p0.07743,wine,ga,True,True,True,6,6,3,78,0.9743589743589743
wine-N6-Cnot3-D6-C8-g200-p0.1,/home/qsvm/GA-QSVM/wine-N6-Cnot3-D6-C8-g200-p0.1,wine,ga,True,True,True,6,6,3,50,0.9615384615384616
wine-N7,/home/qsvm/GA-QSVM/wine-N7,wine,ga,False,False,False,,,,,
wine-N7-Cnot4-D7-C8-g200-p0.01,/home/qsvm/GA-QSVM/wine-N7-Cnot4-D7-C8-g200-p0.01,wine,ga,True,True,True,7,7,4,66,0.9743589743589743
wine-N7-Cnot4-D7-C8-g200-p0.01292,/home/qsvm/GA-QSVM/wine-N7-Cnot4-D7-C8-g200-p0.01292,wine,ga,True,True,True,7,7,4,50,0.9743589743589743
wine-N7-Cnot4-D7-C8-g200-p0.01668,/home/qsvm/GA-QSVM/wine-N7-Cnot4-D7-C8-g200-p0.01668,wine,ga,True,True,True,7,7,4,51,0.9743589743589743
wine-N7-Cnot4-D7-C8-g200-p0.02154,/home/qsvm/GA-QSVM/wine-N7-Cnot4-D7-C8-g200-p0.02154,wine,ga,True,True,True,7,7,4,58,0.9743589743589743
wine-N7-Cnot4-D7-C8-g200-p0.02783,/home/qsvm/GA-QSVM/wine-N7-Cnot4-D7-C8-g200-p0.02783,wine,ga,True,True,True,7,7,4,63,0.9743589743589743
wine-N7-Cnot4-D7-C8-g200-p0.03594,/home/qsvm/GA-QSVM/wine-N7-Cnot4-D7-C8-g200-p0.03594,wine,ga,True,True,True,7,7,4,53,0.9743589743589743
wine-N7-Cnot4-D7-C8-g200-p0.04642,/home/qsvm/GA-QSVM/wine-N7-Cnot4-D7-C8-g200-p0.04642,wine,ga,True,True,True,7,7,4,94,0.9871794871794872
wine-N7-Cnot4-D7-C8-g200-p0.05995,/home/qsvm/GA-QSVM/wine-N7-Cnot4-D7-C8-g200-p0.05995,wine,ga,True,True,True,7,7,4,68,0.9743589743589743
wine-N7-Cnot4-D7-C8-g200-p0.07743,/home/qsvm/GA-QSVM/wine-N7-Cnot4-D7-C8-g200-p0.07743,wine,ga,True,True,True,7,7,4,68,0.9743589743589743
wine-N7-Cnot4-D7-C8-g200-p0.1,/home/qsvm/GA-QSVM/wine-N7-Cnot4-D7-C8-g200-p0.1,wine,ga,True,True,True,7,7,4,73,0.9743589743589743
